{"parent":"item/template_skull","textures":{"layer0":"minecraft:item/player_head"},"overrides":[{"predicate":{"custom_model_data":0},"model":"item/player_head_minecraft"},{"predicate":{"custom_model_data":1},"model":"gui/player_head"},{"predicate":{"custom_model_data":5611109},"model":"minecraft:vegasgui/2darts/darts_zombie"},{"predicate":{"custom_model_data":5611111},"model":"minecraft:vegasgui/2darts/darts_player"},{"predicate":{"custom_model_data":5611112},"model":"minecraft:vegasgui/2darts/darts_skeleton"}]}