{
  "providers": [
    {
      "type": "bitmap",
      "file": "minecraft:guis/negativespace/space_split.png",
      "ascent": -32768,
      "height": -3,
      "chars": [
        "񎵀"
      ]
    },
    {
      "type": "bitmap",
      "file": "minecraft:guis/negativespace/space_split.png",
      "ascent": -32768,
      "height": -10,
      "chars": [
        "󑾒"
      ]
    },
    {
      "type": "bitmap",
      "file": "minecraft:guis/emotes/begging.png",
      "ascent": 7,
      "height": 8,
      "chars": [
        ""
      ]
    },
    {
      "type": "bitmap",
      "file": "minecraft:guis/emotes/clown.png",
      "ascent": 7,
      "height": 8,
      "chars": [
        ""
      ]
    },
    {
      "type": "bitmap",
      "file": "minecraft:guis/emotes/crying.png",
      "ascent": 7,
      "height": 8,
      "chars": [
        ""
      ]
    },
    {
      "type": "bitmap",
      "file": "minecraft:guis/emotes/eyes.png",
      "ascent": 7,
      "height": 8,
      "chars": [
        ""
      ]
    },
    {
      "type": "bitmap",
      "file": "minecraft:guis/emotes/fire.png",
      "ascent": 7,
      "height": 8,
      "chars": [
        ""
      ]
    },
    {
      "type": "bitmap",
      "file": "minecraft:guis/emotes/grimacing.png",
      "ascent": 7,
      "height": 8,
      "chars": [
        ""
      ]
    },
    {
      "type": "bitmap",
      "file": "minecraft:guis/emotes/happy.png",
      "ascent": 7,
      "height": 8,
      "chars": [
        ""
      ]
    },
    {
      "type": "bitmap",
      "file": "minecraft:guis/emotes/heart.png",
      "ascent": 7,
      "height": 8,
      "chars": [
        ""
      ]
    },
    {
      "type": "bitmap",
      "file": "minecraft:guis/emotes/hearteyes.png",
      "ascent": 7,
      "height": 8,
      "chars": [
        ""
      ]
    },
    {
      "type": "bitmap",
      "file": "minecraft:guis/emotes/joy.png",
      "ascent": 7,
      "height": 8,
      "chars": [
        ""
      ]
    },
    {
      "type": "bitmap",
      "file": "minecraft:guis/emotes/love.png",
      "ascent": 7,
      "height": 8,
      "chars": [
        ""
      ]
    },
    {
      "type": "bitmap",
      "file": "minecraft:guis/emotes/rage.png",
      "ascent": 7,
      "height": 8,
      "chars": [
        ""
      ]
    },
    {
      "type": "bitmap",
      "file": "minecraft:guis/emotes/rainbow.png",
      "ascent": 7,
      "height": 8,
      "chars": [
        ""
      ]
    },
    {
      "type": "bitmap",
      "file": "minecraft:guis/emotes/sad.png",
      "ascent": 7,
      "height": 8,
      "chars": [
        ""
      ]
    },
    {
      "type": "bitmap",
      "file": "minecraft:guis/emotes/skull.png",
      "ascent": 7,
      "height": 8,
      "chars": [
        ""
      ]
    },
    {
      "type": "bitmap",
      "file": "minecraft:guis/emotes/smiling.png",
      "ascent": 7,
      "height": 8,
      "chars": [
        ""
      ]
    },
    {
      "type": "bitmap",
      "file": "minecraft:guis/emotes/sunglasses.png",
      "ascent": 7,
      "height": 8,
      "chars": [
        ""
      ]
    },
    {
      "type": "bitmap",
      "file": "minecraft:guis/emotes/sweat.png",
      "ascent": 7,
      "height": 8,
      "chars": [
        ""
      ]
    },
    {
      "type": "bitmap",
      "file": "minecraft:guis/emotes/thumbdown.png",
      "ascent": 7,
      "height": 8,
      "chars": [
        ""
      ]
    },
    {
      "type": "bitmap",
      "file": "minecraft:guis/emotes/thumbup.png",
      "ascent": 7,
      "height": 8,
      "chars": [
        ""
      ]
    },
    {
      "type": "bitmap",
      "file": "minecraft:guis/emotes/tongue.png",
      "ascent": 7,
      "height": 8,
      "chars": [
        ""
      ]
    },
    {
      "type": "bitmap",
      "file": "minecraft:guis/emotes/upsidedown.png",
      "ascent": 7,
      "height": 8,
      "chars": [
        ""
      ]
    },
    {
      "type": "bitmap",
      "file": "minecraft:guis/emotes/wink.png",
      "ascent": 7,
      "height": 8,
      "chars": [
        ""
      ]
    },
    {
      "type": "bitmap",
      "file": "minecraft:guis/prefixes/member.png",
      "ascent": 7,
      "height": 7,
      "chars": [
        ""
      ]
    },
    {
      "type": "bitmap",
      "file": "minecraft:guis/prefixes/knight.png",
      "ascent": 7,
      "height": 7,
      "chars": [
        ""
      ]
    },
    {
      "type": "bitmap",
      "file": "minecraft:guis/prefixes/lord.png",
      "ascent": 7,
      "height": 7,
      "chars": [
        ""
      ]
    },
    {
      "type": "bitmap",
      "file": "minecraft:guis/prefixes/paladin.png",
      "ascent": 7,
      "height": 7,
      "chars": [
        ""
      ]
    },
    {
      "type": "bitmap",
      "file": "minecraft:guis/prefixes/duke.png",
      "ascent": 7,
      "height": 7,
      "chars": [
        ""
      ]
    },
    {
      "type": "bitmap",
      "file": "minecraft:guis/prefixes/king.png",
      "ascent": 7,
      "height": 7,
      "chars": [
        ""
      ]
    },
    {
      "type": "bitmap",
      "file": "minecraft:guis/prefixes/youtuber.png",
      "ascent": 7,
      "height": 7,
      "chars": [
        ""
      ]
    },
    {
      "type": "bitmap",
      "file": "minecraft:guis/prefixes/streamer.png",
      "ascent": 7,
      "height": 7,
      "chars": [
        ""
      ]
    },
    {
      "type": "bitmap",
      "file": "minecraft:guis/prefixes/helper.png",
      "ascent": 7,
      "height": 7,
      "chars": [
        ""
      ]
    },
    {
      "type": "bitmap",
      "file": "minecraft:guis/prefixes/builder.png",
      "ascent": 7,
      "height": 7,
      "chars": [
        ""
      ]
    },
    {
      "type": "bitmap",
      "file": "minecraft:guis/prefixes/mod.png",
      "ascent": 7,
      "height": 7,
      "chars": [
        ""
      ]
    },
    {
      "type": "bitmap",
      "file": "minecraft:guis/prefixes/srmod.png",
      "ascent": 7,
      "height": 7,
      "chars": [
        ""
      ]
    },
    {
      "type": "bitmap",
      "file": "minecraft:guis/prefixes/admin.png",
      "ascent": 7,
      "height": 7,
      "chars": [
        ""
      ]
    },
    {
      "type": "bitmap",
      "file": "minecraft:guis/prefixes/dev.png",
      "ascent": 7,
      "height": 7,
      "chars": [
        ""
      ]
    },
    {
      "type": "bitmap",
      "file": "minecraft:guis/prefixes/manager.png",
      "ascent": 7,
      "height": 7,
      "chars": [
        ""
      ]
    },
    {
      "type": "bitmap",
      "file": "minecraft:guis/prefixes/owner.png",
      "ascent": 7,
      "height": 7,
      "chars": [
        ""
      ]
    },
    {
      "type": "bitmap",
      "file": "minecraft:guis/prefixes/one.png",
      "ascent": 7,
      "height": 8,
      "chars": [
        ""
      ]
    },
    {
      "type": "bitmap",
      "file": "minecraft:guis/prefixes/two.png",
      "ascent": 7,
      "height": 8,
      "chars": [
        ""
      ]
    },
    {
      "type": "bitmap",
      "file": "minecraft:guis/prefixes/three.png",
      "ascent": 7,
      "height": 8,
      "chars": [
        ""
      ]
    },
    {
      "type": "bitmap",
      "file": "minecraft:guis/prefixes/four.png",
      "ascent": 7,
      "height": 8,
      "chars": [
        ""
      ]
    },
    {
      "type": "bitmap",
      "file": "minecraft:guis/prefixes/five.png",
      "ascent": 7,
      "height": 8,
      "chars": [
        ""
      ]
    },
    {
      "type": "bitmap",
      "file": "minecraft:guis/prefixes/six.png",
      "ascent": 7,
      "height": 8,
      "chars": [
        ""
      ]
    },
    {
      "type": "bitmap",
      "file": "minecraft:guis/prefixes/seven.png",
      "ascent": 7,
      "height": 8,
      "chars": [
        ""
      ]
    },
    {
      "type": "bitmap",
      "file": "minecraft:guis/prefixes/eight.png",
      "ascent": 7,
      "height": 8,
      "chars": [
        ""
      ]
    },
    {
      "type": "bitmap",
      "file": "minecraft:guis/prefixes/nine.png",
      "ascent": 7,
      "height": 8,
      "chars": [
        ""
      ]
    },
    {
      "type": "bitmap",
      "file": "minecraft:guis/prefixes/ten.png",
      "ascent": 7,
      "height": 8,
      "chars": [
        ""
      ]
    },
    {
      "type": "bitmap",
      "file": "minecraft:guis/prefixes/eleven.png",
      "ascent": 7,
      "height": 8,
      "chars": [
        ""
      ]
    },
    {
      "type": "bitmap",
      "file": "minecraft:guis/prefixes/twelve.png",
      "ascent": 7,
      "height": 8,
      "chars": [
        ""
      ]
    },
    {
      "type": "bitmap",
      "file": "minecraft:guis/prefixes/thirteen.png",
      "ascent": 7,
      "height": 8,
      "chars": [
        ""
      ]
    },
    {
      "type": "bitmap",
      "file": "minecraft:guis/prefixes/fourteen.png",
      "ascent": 7,
      "height": 8,
      "chars": [
        ""
      ]
    },
    {
      "type": "bitmap",
      "file": "minecraft:guis/prefixes/fifteen.png",
      "ascent": 7,
      "height": 8,
      "chars": [
        ""
      ]
    },
    {
      "type": "bitmap",
      "file": "minecraft:guis/prefixes/sixteen.png",
      "ascent": 7,
      "height": 8,
      "chars": [
        ""
      ]
    },
    {
      "type": "bitmap",
      "file": "minecraft:guis/prefixes/seventeen.png",
      "ascent": 7,
      "height": 8,
      "chars": [
        ""
      ]
    },
    {
      "type": "bitmap",
      "file": "minecraft:guis/prefixes/eighteen.png",
      "ascent": 7,
      "height": 8,
      "chars": [
        ""
      ]
    },
    {
      "type": "bitmap",
      "file": "minecraft:guis/prefixes/nineteen.png",
      "ascent": 7,
      "height": 8,
      "chars": [
        ""
      ]
    },
    {
      "type": "bitmap",
      "file": "minecraft:guis/prefixes/twenty.png",
      "ascent": 7,
      "height": 8,
      "chars": [
        ""
      ]
    },
    {
      "type": "bitmap",
      "file": "minecraft:guis/prefixes/twentyone.png",
      "ascent": 7,
      "height": 8,
      "chars": [
        ""
      ]
    },
    {
      "type": "bitmap",
      "file": "minecraft:guis/prefixes/twentytwo.png",
      "ascent": 7,
      "height": 8,
      "chars": [
        ""
      ]
    },
    {
      "type": "bitmap",
      "file": "minecraft:guis/prefixes/twentythree.png",
      "ascent": 7,
      "height": 8,
      "chars": [
        ""
      ]
    },
    {
      "type": "bitmap",
      "file": "minecraft:guis/prefixes/twentyfour.png",
      "ascent": 7,
      "height": 8,
      "chars": [
        ""
      ]
    },
    {
      "type": "bitmap",
      "file": "minecraft:guis/icons/auction.png",
      "ascent": 16,
      "height": 16,
      "chars": [
        ""
      ]
    },
    {
      "type": "bitmap",
      "file": "minecraft:guis/icons/bigmedal.png",
      "ascent": 16,
      "height": 16,
      "chars": [
        ""
      ]
    },
    {
      "type": "bitmap",
      "file": "minecraft:guis/icons/castle.png",
      "ascent": 7,
      "height": 7,
      "chars": [
        ""
      ]
    },
    {
      "type": "bitmap",
      "file": "minecraft:guis/icons/claim.png",
      "ascent": 7,
      "height": 7,
      "chars": [
        ""
      ]
    },
    {
      "type": "bitmap",
      "file": "minecraft:guis/icons/clock.png",
      "ascent": 7,
      "height": 7,
      "chars": [
        ""
      ]
    },
    {
      "type": "bitmap",
      "file": "minecraft:guis/icons/coin.png",
      "ascent": 7,
      "height": 7,
      "chars": [
        ""
      ]
    },
    {
      "type": "bitmap",
      "file": "minecraft:guis/icons/coinshop.png",
      "ascent": 16,
      "height": 16,
      "chars": [
        ""
      ]
    },
    {
      "type": "bitmap",
      "file": "minecraft:guis/icons/cosmetics.png",
      "ascent": 16,
      "height": 16,
      "chars": [
        ""
      ]
    },
    {
      "type": "bitmap",
      "file": "minecraft:guis/icons/dailyrewards.png",
      "ascent": 16,
      "height": 16,
      "chars": [
        ""
      ]
    },
    {
      "type": "bitmap",
      "file": "minecraft:guis/icons/deliveries.png",
      "ascent": 16,
      "height": 16,
      "chars": [
        ""
      ]
    },
    {
      "type": "bitmap",
      "file": "minecraft:guis/icons/dungeon.png",
      "ascent": 16,
      "height": 16,
      "chars": [
        ""
      ]
    },
    {
      "type": "bitmap",
      "file": "minecraft:guis/icons/enchantedbook.png",
      "ascent": 16,
      "height": 16,
      "chars": [
        ""
      ]
    },
    {
      "type": "bitmap",
      "file": "minecraft:guis/icons/factories.png",
      "ascent": 16,
      "height": 16,
      "chars": [
        ""
      ]
    },
    {
      "type": "bitmap",
      "file": "minecraft:guis/icons/farming.png",
      "ascent": 16,
      "height": 16,
      "chars": [
        ""
      ]
    },
    {
      "type": "bitmap",
      "file": "minecraft:guis/icons/feather.png",
      "ascent": 7,
      "height": 7,
      "chars": [
        ""
      ]
    },
    {
      "type": "bitmap",
      "file": "minecraft:guis/icons/fishing.png",
      "ascent": 16,
      "height": 16,
      "chars": [
        ""
      ]
    },
    {
      "type": "bitmap",
      "file": "minecraft:guis/icons/gangs.png",
      "ascent": 16,
      "height": 16,
      "chars": [
        ""
      ]
    },
    {
      "type": "bitmap",
      "file": "minecraft:guis/icons/heart.png",
      "ascent": 8,
      "height": 8,
      "chars": [
        ""
      ]
    },
    {
      "type": "bitmap",
      "file": "minecraft:guis/icons/help.png",
      "ascent": 16,
      "height": 16,
      "chars": [
        ""
      ]
    },
    {
      "type": "bitmap",
      "file": "minecraft:guis/icons/house.png",
      "ascent": 7,
      "height": 7,
      "chars": [
        ""
      ]
    },
    {
      "type": "bitmap",
      "file": "minecraft:guis/icons/jobs.png",
      "ascent": 16,
      "height": 16,
      "chars": [
        ""
      ]
    },
    {
      "type": "bitmap",
      "file": "minecraft:guis/icons/kits.png",
      "ascent": 16,
      "height": 16,
      "chars": [
        ""
      ]
    },
    {
      "type": "bitmap",
      "file": "minecraft:guis/icons/leaderboards.png",
      "ascent": 16,
      "height": 16,
      "chars": [
        ""
      ]
    },
    {
      "type": "bitmap",
      "file": "minecraft:guis/icons/levels.png",
      "ascent": 16,
      "height": 16,
      "chars": [
        ""
      ]
    },
    {
      "type": "bitmap",
      "file": "minecraft:guis/icons/lottery.png",
      "ascent": 15,
      "height": 15,
      "chars": [
        ""
      ]
    },
    {
      "type": "bitmap",
      "file": "minecraft:guis/icons/medal.png",
      "ascent": 7,
      "height": 7,
      "chars": [
        ""
      ]
    },
    {
      "type": "bitmap",
      "file": "minecraft:guis/icons/mines.png",
      "ascent": 16,
      "height": 16,
      "chars": [
        ""
      ]
    },
    {
      "type": "bitmap",
      "file": "minecraft:guis/icons/money.png",
      "ascent": 7,
      "height": 7,
      "chars": [
        ""
      ]
    },
    {
      "type": "bitmap",
      "file": "minecraft:guis/icons/npc.png",
      "ascent": 9,
      "height": 16,
      "chars": [
        ""
      ]
    },
    {
      "type": "bitmap",
      "file": "minecraft:guis/icons/plot.png",
      "ascent": 16,
      "height": 16,
      "chars": [
        ""
      ]
    },
    {
      "type": "bitmap",
      "file": "minecraft:guis/icons/prison.png",
      "ascent": 16,
      "height": 16,
      "chars": [
        ""
      ]
    },
    {
      "type": "bitmap",
      "file": "minecraft:guis/icons/pw.png",
      "ascent": 16,
      "height": 16,
      "chars": [
        ""
      ]
    },
    {
      "type": "bitmap",
      "file": "minecraft:guis/icons/quests.png",
      "ascent": 16,
      "height": 16,
      "chars": [
        ""
      ]
    },
    {
      "type": "bitmap",
      "file": "minecraft:guis/icons/rewards.png",
      "ascent": 16,
      "height": 16,
      "chars": [
        ""
      ]
    },
    {
      "type": "bitmap",
      "file": "minecraft:guis/icons/rtp.png",
      "ascent": 16,
      "height": 16,
      "chars": [
        ""
      ]
    },
    {
      "type": "bitmap",
      "file": "minecraft:guis/icons/shop.png",
      "ascent": 16,
      "height": 16,
      "chars": [
        ""
      ]
    },
    {
      "type": "bitmap",
      "file": "minecraft:guis/icons/skills.png",
      "ascent": 16,
      "height": 16,
      "chars": [
        ""
      ]
    },
    {
      "type": "bitmap",
      "file": "minecraft:guis/icons/skull.png",
      "ascent": 7,
      "height": 7,
      "chars": [
        ""
      ]
    },
    {
      "type": "bitmap",
      "file": "minecraft:guis/icons/staricon.png",
      "ascent": 7,
      "height": 7,
      "chars": [
        ""
      ]
    },
    {
      "type": "bitmap",
      "file": "minecraft:guis/icons/store.png",
      "ascent": 16,
      "height": 16,
      "chars": [
        ""
      ]
    },
    {
      "type": "bitmap",
      "file": "minecraft:guis/icons/sword.png",
      "ascent": 7,
      "height": 7,
      "chars": [
        ""
      ]
    },
    {
      "type": "bitmap",
      "file": "minecraft:guis/icons/tags.png",
      "ascent": 16,
      "height": 16,
      "chars": [
        ""
      ]
    },
    {
      "type": "bitmap",
      "file": "minecraft:guis/icons/teams.png",
      "ascent": 16,
      "height": 16,
      "chars": [
        ""
      ]
    },
    {
      "type": "bitmap",
      "file": "minecraft:guis/icons/token.png",
      "ascent": 7,
      "height": 7,
      "chars": [
        ""
      ]
    },
    {
      "type": "bitmap",
      "file": "minecraft:guis/icons/toolskins.png",
      "ascent": 16,
      "height": 16,
      "chars": [
        ""
      ]
    },
    {
      "type": "bitmap",
      "file": "minecraft:guis/icons/trophy.png",
      "ascent": 7,
      "height": 7,
      "chars": [
        ""
      ]
    },
    {
      "type": "bitmap",
      "file": "minecraft:guis/icons/votes.png",
      "ascent": 7,
      "height": 7,
      "chars": [
        ""
      ]
    },
    {
      "type": "bitmap",
      "file": "minecraft:guis/icons/warps.png",
      "ascent": 16,
      "height": 16,
      "chars": [
        ""
      ]
    },
    {
      "type": "bitmap",
      "file": "minecraft:guis/icons/weaponskins.png",
      "ascent": 16,
      "height": 16,
      "chars": [
        ""
      ]
    },
    {
      "type": "bitmap",
      "file": "minecraft:guis/icons/weekendgrinder.png",
      "ascent": 16,
      "height": 16,
      "chars": [
        ""
      ]
    },
    {
      "type": "bitmap",
      "file": "minecraft:guis/icons/worlds.png",
      "ascent": 7,
      "height": 7,
      "chars": [
        ""
      ]
    },
    {
      "type": "bitmap",
      "file": "minecraft:guis/tags/alex.png",
      "ascent": 7,
      "height": 8,
      "chars": [
        ""
      ]
    },
    {
      "type": "bitmap",
      "file": "minecraft:guis/tags/americanfootball.png",
      "ascent": 7,
      "height": 8,
      "chars": [
        ""
      ]
    },
    {
      "type": "bitmap",
      "file": "minecraft:guis/tags/amongus.png",
      "ascent": 7,
      "height": 8,
      "chars": [
        ""
      ]
    },
    {
      "type": "bitmap",
      "file": "minecraft:guis/tags/apple.png",
      "ascent": 7,
      "height": 8,
      "chars": [
        ""
      ]
    },
    {
      "type": "bitmap",
      "file": "minecraft:guis/tags/banana.png",
      "ascent": 7,
      "height": 8,
      "chars": [
        ""
      ]
    },
    {
      "type": "bitmap",
      "file": "minecraft:guis/tags/batman.png",
      "ascent": 7,
      "height": 8,
      "chars": [
        ""
      ]
    },
    {
      "type": "bitmap",
      "file": "minecraft:guis/tags/bowser.png",
      "ascent": 7,
      "height": 8,
      "chars": [
        ""
      ]
    },
    {
      "type": "bitmap",
      "file": "minecraft:guis/tags/broccoli.png",
      "ascent": 7,
      "height": 8,
      "chars": [
        ""
      ]
    },
    {
      "type": "bitmap",
      "file": "minecraft:guis/tags/bulldog.png",
      "ascent": 7,
      "height": 8,
      "chars": [
        ""
      ]
    },
    {
      "type": "bitmap",
      "file": "minecraft:guis/tags/cactus.png",
      "ascent": 7,
      "height": 8,
      "chars": [
        ""
      ]
    },
    {
      "type": "bitmap",
      "file": "minecraft:guis/tags/camera.png",
      "ascent": 7,
      "height": 8,
      "chars": [
        ""
      ]
    },
    {
      "type": "bitmap",
      "file": "minecraft:guis/tags/captainamerica.png",
      "ascent": 7,
      "height": 8,
      "chars": [
        ""
      ]
    },
    {
      "type": "bitmap",
      "file": "minecraft:guis/tags/carrot.png",
      "ascent": 7,
      "height": 8,
      "chars": [
        ""
      ]
    },
    {
      "type": "bitmap",
      "file": "minecraft:guis/tags/catblack.png",
      "ascent": 7,
      "height": 8,
      "chars": [
        ""
      ]
    },
    {
      "type": "bitmap",
      "file": "minecraft:guis/tags/catorange.png",
      "ascent": 7,
      "height": 8,
      "chars": [
        ""
      ]
    },
    {
      "type": "bitmap",
      "file": "minecraft:guis/tags/catwhite.png",
      "ascent": 7,
      "height": 8,
      "chars": [
        ""
      ]
    },
    {
      "type": "bitmap",
      "file": "minecraft:guis/tags/chessblack.png",
      "ascent": 7,
      "height": 8,
      "chars": [
        ""
      ]
    },
    {
      "type": "bitmap",
      "file": "minecraft:guis/tags/chesswhite.png",
      "ascent": 7,
      "height": 8,
      "chars": [
        ""
      ]
    },
    {
      "type": "bitmap",
      "file": "minecraft:guis/tags/chip.png",
      "ascent": 7,
      "height": 8,
      "chars": [
        ""
      ]
    },
    {
      "type": "bitmap",
      "file": "minecraft:guis/tags/clock.png",
      "ascent": 7,
      "height": 8,
      "chars": [
        ""
      ]
    },
    {
      "type": "bitmap",
      "file": "minecraft:guis/tags/coins.png",
      "ascent": 7,
      "height": 8,
      "chars": [
        ""
      ]
    },
    {
      "type": "bitmap",
      "file": "minecraft:guis/tags/corgi.png",
      "ascent": 7,
      "height": 8,
      "chars": [
        ""
      ]
    },
    {
      "type": "bitmap",
      "file": "minecraft:guis/tags/crown.png",
      "ascent": 7,
      "height": 8,
      "chars": [
        ""
      ]
    },
    {
      "type": "bitmap",
      "file": "minecraft:guis/tags/deadpool.png",
      "ascent": 7,
      "height": 8,
      "chars": [
        ""
      ]
    },
    {
      "type": "bitmap",
      "file": "minecraft:guis/tags/death.png",
      "ascent": 7,
      "height": 8,
      "chars": [
        ""
      ]
    },
    {
      "type": "bitmap",
      "file": "minecraft:guis/tags/divinghelmet.png",
      "ascent": 7,
      "height": 8,
      "chars": [
        ""
      ]
    },
    {
      "type": "bitmap",
      "file": "minecraft:guis/tags/donaldduck.png",
      "ascent": 7,
      "height": 8,
      "chars": [
        ""
      ]
    },
    {
      "type": "bitmap",
      "file": "minecraft:guis/tags/dragon.png",
      "ascent": 7,
      "height": 8,
      "chars": [
        ""
      ]
    },
    {
      "type": "bitmap",
      "file": "minecraft:guis/tags/earth.png",
      "ascent": 7,
      "height": 8,
      "chars": [
        ""
      ]
    },
    {
      "type": "bitmap",
      "file": "minecraft:guis/tags/elephant.png",
      "ascent": 7,
      "height": 8,
      "chars": [
        ""
      ]
    },
    {
      "type": "bitmap",
      "file": "minecraft:guis/tags/fire.png",
      "ascent": 7,
      "height": 8,
      "chars": [
        ""
      ]
    },
    {
      "type": "bitmap",
      "file": "minecraft:guis/tags/fireflower.png",
      "ascent": 7,
      "height": 8,
      "chars": [
        ""
      ]
    },
    {
      "type": "bitmap",
      "file": "minecraft:guis/tags/flower.png",
      "ascent": 7,
      "height": 8,
      "chars": [
        ""
      ]
    },
    {
      "type": "bitmap",
      "file": "minecraft:guis/tags/flyingrocket.png",
      "ascent": 7,
      "height": 8,
      "chars": [
        ""
      ]
    },
    {
      "type": "bitmap",
      "file": "minecraft:guis/tags/football.png",
      "ascent": 7,
      "height": 8,
      "chars": [
        ""
      ]
    },
    {
      "type": "bitmap",
      "file": "minecraft:guis/tags/frog.png",
      "ascent": 7,
      "height": 8,
      "chars": [
        ""
      ]
    },
    {
      "type": "bitmap",
      "file": "minecraft:guis/tags/fruitbasket.png",
      "ascent": 7,
      "height": 8,
      "chars": [
        ""
      ]
    },
    {
      "type": "bitmap",
      "file": "minecraft:guis/tags/ghost.png",
      "ascent": 7,
      "height": 8,
      "chars": [
        ""
      ]
    },
    {
      "type": "bitmap",
      "file": "minecraft:guis/tags/giraffe.png",
      "ascent": 7,
      "height": 8,
      "chars": [
        ""
      ]
    },
    {
      "type": "bitmap",
      "file": "minecraft:guis/tags/goofy.png",
      "ascent": 7,
      "height": 8,
      "chars": [
        ""
      ]
    },
    {
      "type": "bitmap",
      "file": "minecraft:guis/tags/goomba.png",
      "ascent": 7,
      "height": 8,
      "chars": [
        ""
      ]
    },
    {
      "type": "bitmap",
      "file": "minecraft:guis/tags/gru.png",
      "ascent": 7,
      "height": 8,
      "chars": [
        ""
      ]
    },
    {
      "type": "bitmap",
      "file": "minecraft:guis/tags/heart.png",
      "ascent": 7,
      "height": 8,
      "chars": [
        ""
      ]
    },
    {
      "type": "bitmap",
      "file": "minecraft:guis/tags/hippo.png",
      "ascent": 7,
      "height": 8,
      "chars": [
        ""
      ]
    },
    {
      "type": "bitmap",
      "file": "minecraft:guis/tags/hulk.png",
      "ascent": 7,
      "height": 8,
      "chars": [
        ""
      ]
    },
    {
      "type": "bitmap",
      "file": "minecraft:guis/tags/ironman.png",
      "ascent": 7,
      "height": 8,
      "chars": [
        ""
      ]
    },
    {
      "type": "bitmap",
      "file": "minecraft:guis/tags/kingjulien.png",
      "ascent": 7,
      "height": 8,
      "chars": [
        ""
      ]
    },
    {
      "type": "bitmap",
      "file": "minecraft:guis/tags/kungfupanda.png",
      "ascent": 7,
      "height": 8,
      "chars": [
        ""
      ]
    },
    {
      "type": "bitmap",
      "file": "minecraft:guis/tags/labrador.png",
      "ascent": 7,
      "height": 8,
      "chars": [
        ""
      ]
    },
    {
      "type": "bitmap",
      "file": "minecraft:guis/tags/lemon.png",
      "ascent": 7,
      "height": 8,
      "chars": [
        ""
      ]
    },
    {
      "type": "bitmap",
      "file": "minecraft:guis/tags/lime.png",
      "ascent": 7,
      "height": 8,
      "chars": [
        ""
      ]
    },
    {
      "type": "bitmap",
      "file": "minecraft:guis/tags/luckyblock.png",
      "ascent": 7,
      "height": 8,
      "chars": [
        ""
      ]
    },
    {
      "type": "bitmap",
      "file": "minecraft:guis/tags/luigi.png",
      "ascent": 7,
      "height": 8,
      "chars": [
        ""
      ]
    },
    {
      "type": "bitmap",
      "file": "minecraft:guis/tags/mario.png",
      "ascent": 7,
      "height": 8,
      "chars": [
        ""
      ]
    },
    {
      "type": "bitmap",
      "file": "minecraft:guis/tags/marty.png",
      "ascent": 7,
      "height": 8,
      "chars": [
        ""
      ]
    },
    {
      "type": "bitmap",
      "file": "minecraft:guis/tags/mcqueen.png",
      "ascent": 7,
      "height": 8,
      "chars": [
        ""
      ]
    },
    {
      "type": "bitmap",
      "file": "minecraft:guis/tags/megamind.png",
      "ascent": 7,
      "height": 8,
      "chars": [
        ""
      ]
    },
    {
      "type": "bitmap",
      "file": "minecraft:guis/tags/melon.png",
      "ascent": 7,
      "height": 8,
      "chars": [
        ""
      ]
    },
    {
      "type": "bitmap",
      "file": "minecraft:guis/tags/mexicanhat.png",
      "ascent": 7,
      "height": 8,
      "chars": [
        ""
      ]
    },
    {
      "type": "bitmap",
      "file": "minecraft:guis/tags/mickeymouse.png",
      "ascent": 7,
      "height": 8,
      "chars": [
        ""
      ]
    },
    {
      "type": "bitmap",
      "file": "minecraft:guis/tags/mikewazowski.png",
      "ascent": 7,
      "height": 8,
      "chars": [
        ""
      ]
    },
    {
      "type": "bitmap",
      "file": "minecraft:guis/tags/minion.png",
      "ascent": 7,
      "height": 8,
      "chars": [
        ""
      ]
    },
    {
      "type": "bitmap",
      "file": "minecraft:guis/tags/mrspotts.png",
      "ascent": 7,
      "height": 8,
      "chars": [
        ""
      ]
    },
    {
      "type": "bitmap",
      "file": "minecraft:guis/tags/mushroomblue.png",
      "ascent": 7,
      "height": 8,
      "chars": [
        ""
      ]
    },
    {
      "type": "bitmap",
      "file": "minecraft:guis/tags/mushroomgreen.png",
      "ascent": 7,
      "height": 8,
      "chars": [
        ""
      ]
    },
    {
      "type": "bitmap",
      "file": "minecraft:guis/tags/mushroomred.png",
      "ascent": 7,
      "height": 8,
      "chars": [
        ""
      ]
    },
    {
      "type": "bitmap",
      "file": "minecraft:guis/tags/orange.png",
      "ascent": 7,
      "height": 8,
      "chars": [
        ""
      ]
    },
    {
      "type": "bitmap",
      "file": "minecraft:guis/tags/panda.png",
      "ascent": 7,
      "height": 8,
      "chars": [
        ""
      ]
    },
    {
      "type": "bitmap",
      "file": "minecraft:guis/tags/pear.png",
      "ascent": 7,
      "height": 8,
      "chars": [
        ""
      ]
    },
    {
      "type": "bitmap",
      "file": "minecraft:guis/tags/penguin.png",
      "ascent": 7,
      "height": 8,
      "chars": [
        ""
      ]
    },
    {
      "type": "bitmap",
      "file": "minecraft:guis/tags/pizza.png",
      "ascent": 7,
      "height": 8,
      "chars": [
        ""
      ]
    },
    {
      "type": "bitmap",
      "file": "minecraft:guis/tags/pussinboots.png",
      "ascent": 7,
      "height": 8,
      "chars": [
        ""
      ]
    },
    {
      "type": "bitmap",
      "file": "minecraft:guis/tags/redpanda.png",
      "ascent": 7,
      "height": 8,
      "chars": [
        ""
      ]
    },
    {
      "type": "bitmap",
      "file": "minecraft:guis/tags/rocket.png",
      "ascent": 7,
      "height": 8,
      "chars": [
        ""
      ]
    },
    {
      "type": "bitmap",
      "file": "minecraft:guis/tags/safetyring.png",
      "ascent": 7,
      "height": 8,
      "chars": [
        ""
      ]
    },
    {
      "type": "bitmap",
      "file": "minecraft:guis/tags/santa.png",
      "ascent": 7,
      "height": 8,
      "chars": [
        ""
      ]
    },
    {
      "type": "bitmap",
      "file": "minecraft:guis/tags/shark.png",
      "ascent": 7,
      "height": 8,
      "chars": [
        ""
      ]
    },
    {
      "type": "bitmap",
      "file": "minecraft:guis/tags/shrek.png",
      "ascent": 7,
      "height": 8,
      "chars": [
        ""
      ]
    },
    {
      "type": "bitmap",
      "file": "minecraft:guis/tags/simba.png",
      "ascent": 7,
      "height": 8,
      "chars": [
        ""
      ]
    },
    {
      "type": "bitmap",
      "file": "minecraft:guis/tags/snow.png",
      "ascent": 7,
      "height": 8,
      "chars": [
        ""
      ]
    },
    {
      "type": "bitmap",
      "file": "minecraft:guis/tags/snowman.png",
      "ascent": 7,
      "height": 8,
      "chars": [
        ""
      ]
    },
    {
      "type": "bitmap",
      "file": "minecraft:guis/tags/spiderman.png",
      "ascent": 7,
      "height": 8,
      "chars": [
        ""
      ]
    },
    {
      "type": "bitmap",
      "file": "minecraft:guis/tags/star.png",
      "ascent": 7,
      "height": 8,
      "chars": [
        ""
      ]
    },
    {
      "type": "bitmap",
      "file": "minecraft:guis/tags/starwars.png",
      "ascent": 7,
      "height": 8,
      "chars": [
        ""
      ]
    },
    {
      "type": "bitmap",
      "file": "minecraft:guis/tags/storm.png",
      "ascent": 7,
      "height": 8,
      "chars": [
        ""
      ]
    },
    {
      "type": "bitmap",
      "file": "minecraft:guis/tags/strawberry.png",
      "ascent": 7,
      "height": 8,
      "chars": [
        ""
      ]
    },
    {
      "type": "bitmap",
      "file": "minecraft:guis/tags/sullivan.png",
      "ascent": 7,
      "height": 8,
      "chars": [
        ""
      ]
    },
    {
      "type": "bitmap",
      "file": "minecraft:guis/tags/superman.png",
      "ascent": 7,
      "height": 8,
      "chars": [
        ""
      ]
    },
    {
      "type": "bitmap",
      "file": "minecraft:guis/tags/tennisball.png",
      "ascent": 7,
      "height": 8,
      "chars": [
        ""
      ]
    },
    {
      "type": "bitmap",
      "file": "minecraft:guis/tags/theflash.png",
      "ascent": 7,
      "height": 8,
      "chars": [
        ""
      ]
    },
    {
      "type": "bitmap",
      "file": "minecraft:guis/tags/thor.png",
      "ascent": 7,
      "height": 8,
      "chars": [
        ""
      ]
    },
    {
      "type": "bitmap",
      "file": "minecraft:guis/tags/tiger.png",
      "ascent": 7,
      "height": 8,
      "chars": [
        ""
      ]
    },
    {
      "type": "bitmap",
      "file": "minecraft:guis/tags/timeglass.png",
      "ascent": 7,
      "height": 8,
      "chars": [
        ""
      ]
    },
    {
      "type": "bitmap",
      "file": "minecraft:guis/tags/toat.png",
      "ascent": 7,
      "height": 8,
      "chars": [
        ""
      ]
    },
    {
      "type": "bitmap",
      "file": "minecraft:guis/tags/trophy.png",
      "ascent": 7,
      "height": 8,
      "chars": [
        ""
      ]
    },
    {
      "type": "bitmap",
      "file": "minecraft:guis/tags/turtle.png",
      "ascent": 7,
      "height": 8,
      "chars": [
        ""
      ]
    },
    {
      "type": "bitmap",
      "file": "minecraft:guis/tags/water.png",
      "ascent": 7,
      "height": 8,
      "chars": [
        ""
      ]
    },
    {
      "type": "bitmap",
      "file": "minecraft:guis/tags/winniethepooh.png",
      "ascent": 7,
      "height": 8,
      "chars": [
        ""
      ]
    },
    {
      "type": "bitmap",
      "file": "minecraft:guis/tags/wonderwoman.png",
      "ascent": 7,
      "height": 8,
      "chars": [
        ""
      ]
    },
    {
      "type": "bitmap",
      "file": "minecraft:guis/tags/yoda.png",
      "ascent": 7,
      "height": 8,
      "chars": [
        ""
      ]
    },
    {
      "type": "bitmap",
      "file": "minecraft:guis/tags/yoshi.png",
      "ascent": 7,
      "height": 8,
      "chars": [
        ""
      ]
    },
    {
      "type": "bitmap",
      "file": "minecraft:guis/nationtags/southafrica.png",
      "ascent": 16,
      "height": 16,
      "chars": [
        "⤸"
      ]
    },
    {
      "type": "bitmap",
      "file": "minecraft:guis/nationtags/afghanistan.png",
      "ascent": 8,
      "height": 9,
      "chars": [
        ""
      ]
    },
    {
      "type": "bitmap",
      "file": "minecraft:guis/nationtags/algeria.png",
      "ascent": 8,
      "height": 9,
      "chars": [
        ""
      ]
    },
    {
      "type": "bitmap",
      "file": "minecraft:guis/nationtags/angola.png",
      "ascent": 8,
      "height": 9,
      "chars": [
        ""
      ]
    },
    {
      "type": "bitmap",
      "file": "minecraft:guis/nationtags/argentina.png",
      "ascent": 8,
      "height": 9,
      "chars": [
        ""
      ]
    },
    {
      "type": "bitmap",
      "file": "minecraft:guis/nationtags/armenia.png",
      "ascent": 8,
      "height": 9,
      "chars": [
        ""
      ]
    },
    {
      "type": "bitmap",
      "file": "minecraft:guis/nationtags/australia.png",
      "ascent": 8,
      "height": 9,
      "chars": [
        ""
      ]
    },
    {
      "type": "bitmap",
      "file": "minecraft:guis/nationtags/austria.png",
      "ascent": 8,
      "height": 9,
      "chars": [
        ""
      ]
    },
    {
      "type": "bitmap",
      "file": "minecraft:guis/nationtags/azerbaijan.png",
      "ascent": 8,
      "height": 9,
      "chars": [
        ""
      ]
    },
    {
      "type": "bitmap",
      "file": "minecraft:guis/nationtags/bangladesh.png",
      "ascent": 8,
      "height": 9,
      "chars": [
        ""
      ]
    },
    {
      "type": "bitmap",
      "file": "minecraft:guis/nationtags/belgium.png",
      "ascent": 8,
      "height": 9,
      "chars": [
        ""
      ]
    },
    {
      "type": "bitmap",
      "file": "minecraft:guis/nationtags/benin.png",
      "ascent": 8,
      "height": 9,
      "chars": [
        ""
      ]
    },
    {
      "type": "bitmap",
      "file": "minecraft:guis/nationtags/bolivia.png",
      "ascent": 8,
      "height": 9,
      "chars": [
        ""
      ]
    },
    {
      "type": "bitmap",
      "file": "minecraft:guis/nationtags/bosnia.png",
      "ascent": 8,
      "height": 9,
      "chars": [
        ""
      ]
    },
    {
      "type": "bitmap",
      "file": "minecraft:guis/nationtags/botswana.png",
      "ascent": 8,
      "height": 9,
      "chars": [
        ""
      ]
    },
    {
      "type": "bitmap",
      "file": "minecraft:guis/nationtags/brazil.png",
      "ascent": 8,
      "height": 9,
      "chars": [
        ""
      ]
    },
    {
      "type": "bitmap",
      "file": "minecraft:guis/nationtags/bulgaria.png",
      "ascent": 8,
      "height": 9,
      "chars": [
        ""
      ]
    },
    {
      "type": "bitmap",
      "file": "minecraft:guis/nationtags/burkinafaso.png",
      "ascent": 8,
      "height": 9,
      "chars": [
        ""
      ]
    },
    {
      "type": "bitmap",
      "file": "minecraft:guis/nationtags/burundi.png",
      "ascent": 8,
      "height": 9,
      "chars": [
        ""
      ]
    },
    {
      "type": "bitmap",
      "file": "minecraft:guis/nationtags/cambodia.png",
      "ascent": 8,
      "height": 9,
      "chars": [
        ""
      ]
    },
    {
      "type": "bitmap",
      "file": "minecraft:guis/nationtags/cameroon.png",
      "ascent": 8,
      "height": 9,
      "chars": [
        ""
      ]
    },
    {
      "type": "bitmap",
      "file": "minecraft:guis/nationtags/canada.png",
      "ascent": 8,
      "height": 9,
      "chars": [
        ""
      ]
    },
    {
      "type": "bitmap",
      "file": "minecraft:guis/nationtags/capeverde.png",
      "ascent": 8,
      "height": 9,
      "chars": [
        ""
      ]
    },
    {
      "type": "bitmap",
      "file": "minecraft:guis/nationtags/centralafricanrepublic.png",
      "ascent": 8,
      "height": 9,
      "chars": [
        ""
      ]
    },
    {
      "type": "bitmap",
      "file": "minecraft:guis/nationtags/chad.png",
      "ascent": 8,
      "height": 9,
      "chars": [
        ""
      ]
    },
    {
      "type": "bitmap",
      "file": "minecraft:guis/nationtags/chile.png",
      "ascent": 8,
      "height": 9,
      "chars": [
        ""
      ]
    },
    {
      "type": "bitmap",
      "file": "minecraft:guis/nationtags/china.png",
      "ascent": 8,
      "height": 9,
      "chars": [
        ""
      ]
    },
    {
      "type": "bitmap",
      "file": "minecraft:guis/nationtags/columbia.png",
      "ascent": 8,
      "height": 9,
      "chars": [
        ""
      ]
    },
    {
      "type": "bitmap",
      "file": "minecraft:guis/nationtags/comoros.png",
      "ascent": 8,
      "height": 9,
      "chars": [
        ""
      ]
    },
    {
      "type": "bitmap",
      "file": "minecraft:guis/nationtags/congo.png",
      "ascent": 8,
      "height": 9,
      "chars": [
        ""
      ]
    },
    {
      "type": "bitmap",
      "file": "minecraft:guis/nationtags/croatia.png",
      "ascent": 8,
      "height": 9,
      "chars": [
        ""
      ]
    },
    {
      "type": "bitmap",
      "file": "minecraft:guis/nationtags/cuba.png",
      "ascent": 8,
      "height": 9,
      "chars": [
        ""
      ]
    },
    {
      "type": "bitmap",
      "file": "minecraft:guis/nationtags/czechrepublic.png",
      "ascent": 8,
      "height": 9,
      "chars": [
        ""
      ]
    },
    {
      "type": "bitmap",
      "file": "minecraft:guis/nationtags/denmark.png",
      "ascent": 8,
      "height": 9,
      "chars": [
        ""
      ]
    },
    {
      "type": "bitmap",
      "file": "minecraft:guis/nationtags/djibouti.png",
      "ascent": 8,
      "height": 9,
      "chars": [
        ""
      ]
    },
    {
      "type": "bitmap",
      "file": "minecraft:guis/nationtags/dominicanrep.png",
      "ascent": 8,
      "height": 9,
      "chars": [
        ""
      ]
    },
    {
      "type": "bitmap",
      "file": "minecraft:guis/nationtags/drcongo.png",
      "ascent": 8,
      "height": 9,
      "chars": [
        ""
      ]
    },
    {
      "type": "bitmap",
      "file": "minecraft:guis/nationtags/ecuador.png",
      "ascent": 8,
      "height": 9,
      "chars": [
        ""
      ]
    },
    {
      "type": "bitmap",
      "file": "minecraft:guis/nationtags/egypt.png",
      "ascent": 8,
      "height": 9,
      "chars": [
        ""
      ]
    },
    {
      "type": "bitmap",
      "file": "minecraft:guis/nationtags/elsalvador.png",
      "ascent": 8,
      "height": 9,
      "chars": [
        ""
      ]
    },
    {
      "type": "bitmap",
      "file": "minecraft:guis/nationtags/england.png",
      "ascent": 8,
      "height": 9,
      "chars": [
        ""
      ]
    },
    {
      "type": "bitmap",
      "file": "minecraft:guis/nationtags/equatorialguinea.png",
      "ascent": 8,
      "height": 9,
      "chars": [
        ""
      ]
    },
    {
      "type": "bitmap",
      "file": "minecraft:guis/nationtags/eritrea.png",
      "ascent": 8,
      "height": 9,
      "chars": [
        ""
      ]
    },
    {
      "type": "bitmap",
      "file": "minecraft:guis/nationtags/estonia.png",
      "ascent": 8,
      "height": 9,
      "chars": [
        ""
      ]
    },
    {
      "type": "bitmap",
      "file": "minecraft:guis/nationtags/eswatini.png",
      "ascent": 8,
      "height": 9,
      "chars": [
        ""
      ]
    },
    {
      "type": "bitmap",
      "file": "minecraft:guis/nationtags/ethiopia.png",
      "ascent": 8,
      "height": 9,
      "chars": [
        ""
      ]
    },
    {
      "type": "bitmap",
      "file": "minecraft:guis/nationtags/faroeislands.png",
      "ascent": 8,
      "height": 9,
      "chars": [
        ""
      ]
    },
    {
      "type": "bitmap",
      "file": "minecraft:guis/nationtags/finland.png",
      "ascent": 8,
      "height": 9,
      "chars": [
        ""
      ]
    },
    {
      "type": "bitmap",
      "file": "minecraft:guis/nationtags/france.png",
      "ascent": 8,
      "height": 9,
      "chars": [
        ""
      ]
    },
    {
      "type": "bitmap",
      "file": "minecraft:guis/nationtags/gabon.png",
      "ascent": 8,
      "height": 9,
      "chars": [
        ""
      ]
    },
    {
      "type": "bitmap",
      "file": "minecraft:guis/nationtags/gambia.png",
      "ascent": 8,
      "height": 9,
      "chars": [
        ""
      ]
    },
    {
      "type": "bitmap",
      "file": "minecraft:guis/nationtags/georgia.png",
      "ascent": 8,
      "height": 9,
      "chars": [
        ""
      ]
    },
    {
      "type": "bitmap",
      "file": "minecraft:guis/nationtags/germany.png",
      "ascent": 8,
      "height": 9,
      "chars": [
        ""
      ]
    },
    {
      "type": "bitmap",
      "file": "minecraft:guis/nationtags/ghana.png",
      "ascent": 8,
      "height": 9,
      "chars": [
        ""
      ]
    },
    {
      "type": "bitmap",
      "file": "minecraft:guis/nationtags/greece.png",
      "ascent": 8,
      "height": 9,
      "chars": [
        ""
      ]
    },
    {
      "type": "bitmap",
      "file": "minecraft:guis/nationtags/guinea.png",
      "ascent": 8,
      "height": 9,
      "chars": [
        ""
      ]
    },
    {
      "type": "bitmap",
      "file": "minecraft:guis/nationtags/guineabissau.png",
      "ascent": 8,
      "height": 9,
      "chars": [
        ""
      ]
    },
    {
      "type": "bitmap",
      "file": "minecraft:guis/nationtags/honduras.png",
      "ascent": 8,
      "height": 9,
      "chars": [
        ""
      ]
    },
    {
      "type": "bitmap",
      "file": "minecraft:guis/nationtags/hungary.png",
      "ascent": 8,
      "height": 9,
      "chars": [
        ""
      ]
    },
    {
      "type": "bitmap",
      "file": "minecraft:guis/nationtags/iceland.png",
      "ascent": 8,
      "height": 9,
      "chars": [
        ""
      ]
    },
    {
      "type": "bitmap",
      "file": "minecraft:guis/nationtags/india.png",
      "ascent": 8,
      "height": 9,
      "chars": [
        ""
      ]
    },
    {
      "type": "bitmap",
      "file": "minecraft:guis/nationtags/indonesia.png",
      "ascent": 8,
      "height": 9,
      "chars": [
        ""
      ]
    },
    {
      "type": "bitmap",
      "file": "minecraft:guis/nationtags/iran.png",
      "ascent": 8,
      "height": 9,
      "chars": [
        ""
      ]
    },
    {
      "type": "bitmap",
      "file": "minecraft:guis/nationtags/iraq.png",
      "ascent": 8,
      "height": 9,
      "chars": [
        ""
      ]
    },
    {
      "type": "bitmap",
      "file": "minecraft:guis/nationtags/ireland.png",
      "ascent": 8,
      "height": 9,
      "chars": [
        ""
      ]
    },
    {
      "type": "bitmap",
      "file": "minecraft:guis/nationtags/israel.png",
      "ascent": 8,
      "height": 9,
      "chars": [
        ""
      ]
    },
    {
      "type": "bitmap",
      "file": "minecraft:guis/nationtags/italy.png",
      "ascent": 8,
      "height": 9,
      "chars": [
        ""
      ]
    },
    {
      "type": "bitmap",
      "file": "minecraft:guis/nationtags/ivorycoast.png",
      "ascent": 8,
      "height": 9,
      "chars": [
        ""
      ]
    },
    {
      "type": "bitmap",
      "file": "minecraft:guis/nationtags/japan.png",
      "ascent": 8,
      "height": 9,
      "chars": [
        ""
      ]
    },
    {
      "type": "bitmap",
      "file": "minecraft:guis/nationtags/jordan.png",
      "ascent": 8,
      "height": 9,
      "chars": [
        ""
      ]
    },
    {
      "type": "bitmap",
      "file": "minecraft:guis/nationtags/kazakhstan.png",
      "ascent": 8,
      "height": 9,
      "chars": [
        ""
      ]
    },
    {
      "type": "bitmap",
      "file": "minecraft:guis/nationtags/kenya.png",
      "ascent": 8,
      "height": 9,
      "chars": [
        ""
      ]
    },
    {
      "type": "bitmap",
      "file": "minecraft:guis/nationtags/kuwait.png",
      "ascent": 8,
      "height": 9,
      "chars": [
        ""
      ]
    },
    {
      "type": "bitmap",
      "file": "minecraft:guis/nationtags/kyrgyzstan.png",
      "ascent": 8,
      "height": 9,
      "chars": [
        ""
      ]
    },
    {
      "type": "bitmap",
      "file": "minecraft:guis/nationtags/laos.png",
      "ascent": 8,
      "height": 9,
      "chars": [
        ""
      ]
    },
    {
      "type": "bitmap",
      "file": "minecraft:guis/nationtags/latvia.png",
      "ascent": 8,
      "height": 9,
      "chars": [
        ""
      ]
    },
    {
      "type": "bitmap",
      "file": "minecraft:guis/nationtags/lebanon.png",
      "ascent": 8,
      "height": 9,
      "chars": [
        ""
      ]
    },
    {
      "type": "bitmap",
      "file": "minecraft:guis/nationtags/lesotho.png",
      "ascent": 8,
      "height": 9,
      "chars": [
        ""
      ]
    },
    {
      "type": "bitmap",
      "file": "minecraft:guis/nationtags/liberia.png",
      "ascent": 8,
      "height": 9,
      "chars": [
        ""
      ]
    },
    {
      "type": "bitmap",
      "file": "minecraft:guis/nationtags/libya.png",
      "ascent": 8,
      "height": 9,
      "chars": [
        ""
      ]
    },
    {
      "type": "bitmap",
      "file": "minecraft:guis/nationtags/lichtenstein.png",
      "ascent": 8,
      "height": 9,
      "chars": [
        ""
      ]
    },
    {
      "type": "bitmap",
      "file": "minecraft:guis/nationtags/lithuania.png",
      "ascent": 8,
      "height": 9,
      "chars": [
        ""
      ]
    },
    {
      "type": "bitmap",
      "file": "minecraft:guis/nationtags/luxembourg.png",
      "ascent": 8,
      "height": 9,
      "chars": [
        ""
      ]
    },
    {
      "type": "bitmap",
      "file": "minecraft:guis/nationtags/madagascar.png",
      "ascent": 8,
      "height": 9,
      "chars": [
        ""
      ]
    },
    {
      "type": "bitmap",
      "file": "minecraft:guis/nationtags/malawi.png",
      "ascent": 8,
      "height": 9,
      "chars": [
        ""
      ]
    },
    {
      "type": "bitmap",
      "file": "minecraft:guis/nationtags/malaysia.png",
      "ascent": 8,
      "height": 9,
      "chars": [
        ""
      ]
    },
    {
      "type": "bitmap",
      "file": "minecraft:guis/nationtags/mali.png",
      "ascent": 8,
      "height": 9,
      "chars": [
        ""
      ]
    },
    {
      "type": "bitmap",
      "file": "minecraft:guis/nationtags/malta.png",
      "ascent": 8,
      "height": 9,
      "chars": [
        ""
      ]
    },
    {
      "type": "bitmap",
      "file": "minecraft:guis/nationtags/mauritania.png",
      "ascent": 8,
      "height": 9,
      "chars": [
        ""
      ]
    },
    {
      "type": "bitmap",
      "file": "minecraft:guis/nationtags/mauritius.png",
      "ascent": 8,
      "height": 9,
      "chars": [
        ""
      ]
    },
    {
      "type": "bitmap",
      "file": "minecraft:guis/nationtags/mexico.png",
      "ascent": 8,
      "height": 9,
      "chars": [
        ""
      ]
    },
    {
      "type": "bitmap",
      "file": "minecraft:guis/nationtags/moldova.png",
      "ascent": 8,
      "height": 9,
      "chars": [
        ""
      ]
    },
    {
      "type": "bitmap",
      "file": "minecraft:guis/nationtags/mongolia.png",
      "ascent": 8,
      "height": 9,
      "chars": [
        ""
      ]
    },
    {
      "type": "bitmap",
      "file": "minecraft:guis/nationtags/morocco.png",
      "ascent": 8,
      "height": 9,
      "chars": [
        ""
      ]
    },
    {
      "type": "bitmap",
      "file": "minecraft:guis/nationtags/mozambique.png",
      "ascent": 8,
      "height": 9,
      "chars": [
        ""
      ]
    },
    {
      "type": "bitmap",
      "file": "minecraft:guis/nationtags/myanmar.png",
      "ascent": 8,
      "height": 9,
      "chars": [
        ""
      ]
    },
    {
      "type": "bitmap",
      "file": "minecraft:guis/nationtags/namibia.png",
      "ascent": 8,
      "height": 9,
      "chars": [
        ""
      ]
    },
    {
      "type": "bitmap",
      "file": "minecraft:guis/nationtags/netherlands.png",
      "ascent": 8,
      "height": 9,
      "chars": [
        ""
      ]
    },
    {
      "type": "bitmap",
      "file": "minecraft:guis/nationtags/newzealand.png",
      "ascent": 8,
      "height": 9,
      "chars": [
        ""
      ]
    },
    {
      "type": "bitmap",
      "file": "minecraft:guis/nationtags/nicaragua.png",
      "ascent": 8,
      "height": 9,
      "chars": [
        ""
      ]
    },
    {
      "type": "bitmap",
      "file": "minecraft:guis/nationtags/niger.png",
      "ascent": 8,
      "height": 9,
      "chars": [
        ""
      ]
    },
    {
      "type": "bitmap",
      "file": "minecraft:guis/nationtags/nigeria.png",
      "ascent": 8,
      "height": 9,
      "chars": [
        ""
      ]
    },
    {
      "type": "bitmap",
      "file": "minecraft:guis/nationtags/northkorea.png",
      "ascent": 8,
      "height": 9,
      "chars": [
        ""
      ]
    },
    {
      "type": "bitmap",
      "file": "minecraft:guis/nationtags/northmacedonia.png",
      "ascent": 8,
      "height": 9,
      "chars": [
        ""
      ]
    },
    {
      "type": "bitmap",
      "file": "minecraft:guis/nationtags/norway.png",
      "ascent": 8,
      "height": 9,
      "chars": [
        ""
      ]
    },
    {
      "type": "bitmap",
      "file": "minecraft:guis/nationtags/pakistan.png",
      "ascent": 8,
      "height": 9,
      "chars": [
        ""
      ]
    },
    {
      "type": "bitmap",
      "file": "minecraft:guis/nationtags/panama.png",
      "ascent": 8,
      "height": 9,
      "chars": [
        ""
      ]
    },
    {
      "type": "bitmap",
      "file": "minecraft:guis/nationtags/peru.png",
      "ascent": 8,
      "height": 9,
      "chars": [
        ""
      ]
    },
    {
      "type": "bitmap",
      "file": "minecraft:guis/nationtags/philippines.png",
      "ascent": 8,
      "height": 9,
      "chars": [
        ""
      ]
    },
    {
      "type": "bitmap",
      "file": "minecraft:guis/nationtags/poland.png",
      "ascent": 8,
      "height": 9,
      "chars": [
        ""
      ]
    },
    {
      "type": "bitmap",
      "file": "minecraft:guis/nationtags/portugal.png",
      "ascent": 8,
      "height": 9,
      "chars": [
        ""
      ]
    },
    {
      "type": "bitmap",
      "file": "minecraft:guis/nationtags/puertorico.png",
      "ascent": 8,
      "height": 9,
      "chars": [
        ""
      ]
    },
    {
      "type": "bitmap",
      "file": "minecraft:guis/nationtags/qatar.png",
      "ascent": 8,
      "height": 9,
      "chars": [
        ""
      ]
    },
    {
      "type": "bitmap",
      "file": "minecraft:guis/nationtags/romania.png",
      "ascent": 8,
      "height": 9,
      "chars": [
        ""
      ]
    },
    {
      "type": "bitmap",
      "file": "minecraft:guis/nationtags/russia.png",
      "ascent": 8,
      "height": 9,
      "chars": [
        ""
      ]
    },
    {
      "type": "bitmap",
      "file": "minecraft:guis/nationtags/rwanda.png",
      "ascent": 8,
      "height": 9,
      "chars": [
        ""
      ]
    },
    {
      "type": "bitmap",
      "file": "minecraft:guis/nationtags/saotome.png",
      "ascent": 8,
      "height": 9,
      "chars": [
        ""
      ]
    },
    {
      "type": "bitmap",
      "file": "minecraft:guis/nationtags/saudiarabia.png",
      "ascent": 8,
      "height": 9,
      "chars": [
        ""
      ]
    },
    {
      "type": "bitmap",
      "file": "minecraft:guis/nationtags/scotland.png",
      "ascent": 8,
      "height": 9,
      "chars": [
        ""
      ]
    },
    {
      "type": "bitmap",
      "file": "minecraft:guis/nationtags/senegal.png",
      "ascent": 8,
      "height": 9,
      "chars": [
        ""
      ]
    },
    {
      "type": "bitmap",
      "file": "minecraft:guis/nationtags/seychelles.png",
      "ascent": 8,
      "height": 9,
      "chars": [
        ""
      ]
    },
    {
      "type": "bitmap",
      "file": "minecraft:guis/nationtags/sierraleone.png",
      "ascent": 8,
      "height": 9,
      "chars": [
        ""
      ]
    },
    {
      "type": "bitmap",
      "file": "minecraft:guis/nationtags/singapore.png",
      "ascent": 8,
      "height": 9,
      "chars": [
        ""
      ]
    },
    {
      "type": "bitmap",
      "file": "minecraft:guis/nationtags/somalia.png",
      "ascent": 8,
      "height": 9,
      "chars": [
        ""
      ]
    },
    {
      "type": "bitmap",
      "file": "minecraft:guis/nationtags/southafrica.png",
      "ascent": 8,
      "height": 9,
      "chars": [
        ""
      ]
    },
    {
      "type": "bitmap",
      "file": "minecraft:guis/nationtags/southkorea.png",
      "ascent": 8,
      "height": 9,
      "chars": [
        ""
      ]
    },
    {
      "type": "bitmap",
      "file": "minecraft:guis/nationtags/southsudan.png",
      "ascent": 8,
      "height": 9,
      "chars": [
        ""
      ]
    },
    {
      "type": "bitmap",
      "file": "minecraft:guis/nationtags/spain.png",
      "ascent": 8,
      "height": 9,
      "chars": [
        ""
      ]
    },
    {
      "type": "bitmap",
      "file": "minecraft:guis/nationtags/sudan.png",
      "ascent": 8,
      "height": 9,
      "chars": [
        ""
      ]
    },
    {
      "type": "bitmap",
      "file": "minecraft:guis/nationtags/suriname.png",
      "ascent": 8,
      "height": 9,
      "chars": [
        ""
      ]
    },
    {
      "type": "bitmap",
      "file": "minecraft:guis/nationtags/sweden.png",
      "ascent": 8,
      "height": 9,
      "chars": [
        ""
      ]
    },
    {
      "type": "bitmap",
      "file": "minecraft:guis/nationtags/switzerland.png",
      "ascent": 8,
      "height": 9,
      "chars": [
        ""
      ]
    },
    {
      "type": "bitmap",
      "file": "minecraft:guis/nationtags/syria.png",
      "ascent": 8,
      "height": 9,
      "chars": [
        ""
      ]
    },
    {
      "type": "bitmap",
      "file": "minecraft:guis/nationtags/taiwan.png",
      "ascent": 8,
      "height": 9,
      "chars": [
        ""
      ]
    },
    {
      "type": "bitmap",
      "file": "minecraft:guis/nationtags/tajikistan.png",
      "ascent": 8,
      "height": 9,
      "chars": [
        ""
      ]
    },
    {
      "type": "bitmap",
      "file": "minecraft:guis/nationtags/tanzania.png",
      "ascent": 8,
      "height": 9,
      "chars": [
        ""
      ]
    },
    {
      "type": "bitmap",
      "file": "minecraft:guis/nationtags/thailand.png",
      "ascent": 8,
      "height": 9,
      "chars": [
        ""
      ]
    },
    {
      "type": "bitmap",
      "file": "minecraft:guis/nationtags/togo.png",
      "ascent": 8,
      "height": 9,
      "chars": [
        ""
      ]
    },
    {
      "type": "bitmap",
      "file": "minecraft:guis/nationtags/tunesia.png",
      "ascent": 8,
      "height": 9,
      "chars": [
        ""
      ]
    },
    {
      "type": "bitmap",
      "file": "minecraft:guis/nationtags/turkey.png",
      "ascent": 8,
      "height": 9,
      "chars": [
        ""
      ]
    },
    {
      "type": "bitmap",
      "file": "minecraft:guis/nationtags/turkmenistan.png",
      "ascent": 8,
      "height": 9,
      "chars": [
        ""
      ]
    },
    {
      "type": "bitmap",
      "file": "minecraft:guis/nationtags/uganda.png",
      "ascent": 8,
      "height": 9,
      "chars": [
        ""
      ]
    },
    {
      "type": "bitmap",
      "file": "minecraft:guis/nationtags/ukraine.png",
      "ascent": 8,
      "height": 9,
      "chars": [
        ""
      ]
    },
    {
      "type": "bitmap",
      "file": "minecraft:guis/nationtags/unitedarabemirates.png",
      "ascent": 8,
      "height": 9,
      "chars": [
        ""
      ]
    },
    {
      "type": "bitmap",
      "file": "minecraft:guis/nationtags/uruguay.png",
      "ascent": 8,
      "height": 9,
      "chars": [
        ""
      ]
    },
    {
      "type": "bitmap",
      "file": "minecraft:guis/nationtags/usa.png",
      "ascent": 8,
      "height": 9,
      "chars": [
        ""
      ]
    },
    {
      "type": "bitmap",
      "file": "minecraft:guis/nationtags/uzbekistan.png",
      "ascent": 8,
      "height": 9,
      "chars": [
        ""
      ]
    },
    {
      "type": "bitmap",
      "file": "minecraft:guis/nationtags/venezuela.png",
      "ascent": 8,
      "height": 9,
      "chars": [
        ""
      ]
    },
    {
      "type": "bitmap",
      "file": "minecraft:guis/nationtags/vietnam.png",
      "ascent": 8,
      "height": 9,
      "chars": [
        ""
      ]
    },
    {
      "type": "bitmap",
      "file": "minecraft:guis/nationtags/yemen.png",
      "ascent": 8,
      "height": 9,
      "chars": [
        ""
      ]
    },
    {
      "type": "bitmap",
      "file": "minecraft:guis/nationtags/zambia.png",
      "ascent": 8,
      "height": 9,
      "chars": [
        ""
      ]
    },
    {
      "type": "bitmap",
      "file": "minecraft:guis/nationtags/zimbabwe.png",
      "ascent": 8,
      "height": 9,
      "chars": [
        ""
      ]
    },
    {
      "type": "bitmap",
      "file": "minecraft:guis/rpg/topbargreen.png",
      "ascent": 6,
      "height": 6,
      "chars": [
        ""
      ]
    },
    {
      "type": "bitmap",
      "file": "minecraft:guis/rpg/bottombargreen.png",
      "ascent": 6,
      "height": 6,
      "chars": [
        ""
      ]
    },
    {
      "type": "bitmap",
      "file": "minecraft:guis/rpg/topbarblue.png",
      "ascent": 6,
      "height": 6,
      "chars": [
        ""
      ]
    },
    {
      "type": "bitmap",
      "file": "minecraft:guis/rpg/bottombarblue.png",
      "ascent": 6,
      "height": 6,
      "chars": [
        ""
      ]
    },
    {
      "type": "bitmap",
      "file": "minecraft:guis/rpg/topbarred.png",
      "ascent": 6,
      "height": 6,
      "chars": [
        ""
      ]
    },
    {
      "type": "bitmap",
      "file": "minecraft:guis/rpg/bottombarred.png",
      "ascent": 6,
      "height": 6,
      "chars": [
        ""
      ]
    },
    {
      "type": "bitmap",
      "file": "minecraft:guis/rpg/topbarorange.png",
      "ascent": 6,
      "height": 6,
      "chars": [
        ""
      ]
    },
    {
      "type": "bitmap",
      "file": "minecraft:guis/rpg/bottombarorange.png",
      "ascent": 6,
      "height": 6,
      "chars": [
        ""
      ]
    },
    {
      "type": "bitmap",
      "file": "minecraft:guis/rpg/topbarpurple.png",
      "ascent": 6,
      "height": 6,
      "chars": [
        ""
      ]
    },
    {
      "type": "bitmap",
      "file": "minecraft:guis/rpg/bottombarpurple.png",
      "ascent": 6,
      "height": 6,
      "chars": [
        ""
      ]
    },
    {
      "type": "bitmap",
      "file": "minecraft:guis/rpg/topbaryellow.png",
      "ascent": 6,
      "height": 6,
      "chars": [
        ""
      ]
    },
    {
      "type": "bitmap",
      "file": "minecraft:guis/rpg/bottombaryellow.png",
      "ascent": 6,
      "height": 6,
      "chars": [
        ""
      ]
    },
    {
      "type": "bitmap",
      "file": "minecraft:guis/rpg/portraits/mayor.png",
      "ascent": 0,
      "height": 46,
      "chars": [
        ""
      ]
    },
    {
      "type": "bitmap",
      "file": "minecraft:guis/rpg/portraits/weaponsmith.png",
      "ascent": 0,
      "height": 46,
      "chars": [
        ""
      ]
    },
    {
      "type": "bitmap",
      "file": "minecraft:guis/rpg/portraits/courier.png",
      "ascent": 0,
      "height": 46,
      "chars": [
        ""
      ]
    },
    {
      "type": "bitmap",
      "file": "minecraft:guis/rpg/portraits/merchant.png",
      "ascent": 0,
      "height": 46,
      "chars": [
        ""
      ]
    },
    {
      "type": "bitmap",
      "file": "minecraft:guis/rpg/portraits/knight.png",
      "ascent": 0,
      "height": 46,
      "chars": [
        ""
      ]
    },
    {
      "type": "bitmap",
      "file": "minecraft:guis/rpg/portraits/butcher.png",
      "ascent": 0,
      "height": 46,
      "chars": [
        ""
      ]
    },
    {
      "type": "bitmap",
      "file": "minecraft:guis/rpg/portraits/farmersebastian.png",
      "ascent": 0,
      "height": 46,
      "chars": [
        ""
      ]
    },
    {
      "type": "bitmap",
      "file": "minecraft:guis/rpg/portraits/farmertom.png",
      "ascent": 0,
      "height": 46,
      "chars": [
        ""
      ]
    },
    {
      "type": "bitmap",
      "file": "minecraft:guis/rpg/portraits/artist.png",
      "ascent": 0,
      "height": 46,
      "chars": [
        ""
      ]
    },
    {
      "type": "bitmap",
      "file": "minecraft:guis/rpg/portraits/witch.png",
      "ascent": 0,
      "height": 46,
      "chars": [
        ""
      ]
    },
    {
      "type": "bitmap",
      "file": "minecraft:guis/rpg/portraits/sheriff.png",
      "ascent": 0,
      "height": 46,
      "chars": [
        ""
      ]
    },
    {
      "type": "bitmap",
      "file": "minecraft:guis/rpg/portraits/helenahollow.png",
      "ascent": 0,
      "height": 46,
      "chars": [
        ""
      ]
    },
    {
      "type": "bitmap",
      "file": "minecraft:guis/rpg/portraits/jaspergloomveil.png",
      "ascent": 0,
      "height": 46,
      "chars": [
        ""
      ]
    },
    {
      "type": "bitmap",
      "file": "minecraft:guis/rpg/portraits/johnirving.png",
      "ascent": 0,
      "height": 46,
      "chars": [
        ""
      ]
    },
    {
      "type": "bitmap",
      "file": "space:font/splitter.png",
      "ascent": -9999,
      "height": -2,
      "chars": [
        "󀀀"
      ]
    },
    {
      "type": "space",
      "advances": {
        "󏿲": -20
      }
    },
    {
      "type": "bitmap",
      "file": "minecraft:item/gui/main_gui.png",
      "ascent": 21,
      "height": 236,
      "chars": [
        "జ"
      ]
    },
    {
      "type": "bitmap",
      "file": "minecraft:item/gui/shop_gui.png",
      "ascent": 21,
      "height": 236,
      "chars": [
        ""
      ]
    },
    {
      "type": "bitmap",
      "file": "minecraft:item/gui/statistics_gui.png",
      "ascent": 21,
      "height": 236,
      "chars": [
        ""
      ]
    },
    {
      "type": "bitmap",
      "file": "minecraft:item/gui/roulette_gui.png",
      "ascent": 38,
      "height": 236,
      "chars": [
        "చ"
      ]
    },
    {
      "type": "bitmap",
      "file": "minecraft:item/gui/darts_gui.png",
      "ascent": 38,
      "height": 236,
      "chars": [
        ""
      ]
    },
    {
      "type": "bitmap",
      "file": "minecraft:item/gui/drums_gui.png",
      "ascent": 21,
      "height": 236,
      "chars": [
        "ట"
      ]
    },
    {
      "type": "bitmap",
      "file": "minecraft:item/gui/races_gui.png",
      "ascent": 21,
      "height": 236,
      "chars": [
        ""
      ]
    },
    {
      "type": "bitmap",
      "file": "minecraft:item/gui/pyramid_gui.png",
      "ascent": 21,
      "height": 236,
      "chars": [
        ""
      ]
    },
    {
      "type": "bitmap",
      "file": "minecraft:item/gui/stairs_gui.png",
      "ascent": 21,
      "height": 236,
      "chars": [
        ""
      ]
    },
    {
      "type": "bitmap",
      "file": "minecraft:item/gui/lottery_gui.png",
      "ascent": 21,
      "height": 236,
      "chars": [
        ""
      ]
    },
    {
      "type": "bitmap",
      "file": "minecraft:item/gui/crash_gui.png",
      "ascent": 21,
      "height": 236,
      "chars": [
        ""
      ]
    },
    {
      "type": "bitmap",
      "file": "minecraft:item/gui/classic_gui.png",
      "ascent": 21,
      "height": 236,
      "chars": [
        ""
      ]
    },
    {
      "type": "bitmap",
      "file": "minecraft:item/gui/blackjack_gui.png",
      "ascent": 21,
      "height": 236,
      "chars": [
        ""
      ]
    },
    {
      "type": "bitmap",
      "file": "minecraft:item/gui/rockpaperscissors_gui.png",
      "ascent": 21,
      "height": 236,
      "chars": [
        ""
      ]
    },
    {
      "type": "bitmap",
      "file": "minecraft:item/gui/tictactoe_gui.png",
      "ascent": 38,
      "height": 236,
      "chars": [
        ""
      ]
    },
    {
      "type": "bitmap",
      "file": "minecraft:item/gui/deadmanschest_gui.png",
      "ascent": 21,
      "height": 236,
      "chars": [
        ""
      ]
    },
    {
      "type": "bitmap",
      "file": "minecraft:item/gui/poker_gui.png",
      "ascent": 21,
      "height": 236,
      "chars": [
        ""
      ]
    },
    {
      "type": "bitmap",
      "file": "minecraft:item/gui/dice_gui.png",
      "ascent": 38,
      "height": 236,
      "chars": [
        ""
      ]
    },
    {
      "type": "bitmap",
      "file": "minecraft:item/gui/minesweeper_gui.png",
      "ascent": 21,
      "height": 236,
      "chars": [
        ""
      ]
    },
    {
      "type": "bitmap",
      "file": "minecraft:item/gui/doubleroulette_gui.png",
      "ascent": 21,
      "height": 236,
      "chars": [
        ""
      ]
    }
  ]
}